batch_size: 8, max_epoches: 8, hidden_size: 8, patience: 5, daytolook: 15, optimizer: Adam, learning_rate: 0.01
accuracy,"[0.3426356613636017, 0.3017441928386688, 0.343410849571228, 0.3385658860206604, 0.34282946586608887, 0.33914729952812195, 0.34844961762428284, 0.3244186043739319, 0.31957364082336426, 0.3786821663379669, 0.38720929622650146, 0.356589138507843, 0.3906976580619812, 0.40290698409080505, 0.36627906560897827]"
recall per days,"tensor([0.2213, 0.2365, 0.2299, 0.2448, 0.2424, 0.2520, 0.2538, 0.2506, 0.2433,
        0.2735, 0.2664, 0.2480, 0.2648, 0.2723, 0.2448])"
f1,"tensor([0.1271, 0.1628, 0.1539, 0.1795, 0.1759, 0.1832, 0.1859, 0.1768, 0.1718,
        0.2022, 0.1928, 0.2030, 0.1901, 0.2181, 0.1760])"
precision,"tensor([0.0992, 0.1585, 0.1350, 0.1600, 0.1562, 0.1673, 0.1667, 0.1723, 0.1637,
        0.1799, 0.1704, 0.1977, 0.1710, 0.2039, 0.1518])"
