batch_size: 8, max_epoches: 8, hidden_size: 8, patience: 5, daytolook: 15, optimizer: Adam, learning_rate: 0.01
accuracy,"[0.34728682041168213, 0.33914729952812195, 0.3449612259864807, 0.3370155096054077, 0.3397286832332611, 0.3410852551460266, 0.3422480523586273, 0.3577519357204437, 0.3591085374355316, 0.37713178992271423, 0.38488373160362244, 0.39631783962249756, 0.39244186878204346, 0.41976743936538696, 0.4492247998714447]"
recall per days,"tensor([0.3473, 0.3391, 0.3450, 0.3370, 0.3397, 0.3411, 0.3422, 0.3578, 0.3591,
        0.3771, 0.3849, 0.3963, 0.3924, 0.4198, 0.4492])"
f1,"tensor([0.3473, 0.3391, 0.3450, 0.3370, 0.3397, 0.3411, 0.3422, 0.3578, 0.3591,
        0.3771, 0.3849, 0.3963, 0.3924, 0.4198, 0.4492])"
precision,"tensor([0.3473, 0.3391, 0.3450, 0.3370, 0.3397, 0.3411, 0.3422, 0.3578, 0.3591,
        0.3771, 0.3849, 0.3963, 0.3924, 0.4198, 0.4492])"
